{
  "0A9B4653-B11E-4D6A-850E-C6FCB621626C" : {
    "cameraTransform" : [
      0.9807314,
      -1.9820146e-10,
      -0.195361,
      0,
      -0.10051192,
      0.85749435,
      -0.5045798,
      0,
      0.16752096,
      0.51449335,
      0.84097165,
      0,
      0.09084191,
      0.05849296,
      0.13903293,
      1
    ],
    "objectMetadataList" : [
      [
        "0A9B4653-B11E-4D6A-850E-C6FCB621626C",
        "Root",
        "Sphere"
      ],
      {
        "isExpanded" : true,
        "isLocked" : false
      },
      [
        "0A9B4653-B11E-4D6A-850E-C6FCB621626C",
        "Root"
      ],
      {
        "isExpanded" : true,
        "isLocked" : false
      },
      [
        "0A9B4653-B11E-4D6A-850E-C6FCB621626C",
        "Root",
        "GridMaterial"
      ],
      {
        "isExpanded" : true,
        "isLocked" : false
      }
    ]
  },
  "01A389CE-549D-43D4-8082-422095AD9977" : {
    "cameraTransform" : [
      0.99999994,
      0,
      -0,
      0,
      -0,
      0.8660255,
      -0.49999988,
      0,
      0,
      0.49999988,
      0.8660255,
      0,
      0,
      0.27093542,
      0.46927398,
      1
    ],
    "objectMetadataList" : [
      [
        "01A389CE-549D-43D4-8082-422095AD9977",
        "Root"
      ],
      {
        "isExpanded" : true,
        "isLocked" : false
      },
      [
        "01A389CE-549D-43D4-8082-422095AD9977",
        "Root",
        "GridMaterial"
      ],
      {
        "isExpanded" : true,
        "isLocked" : false
      }
    ]
  },
  "1CBF3893-ABFD-408C-8B91-045BFD257808" : {
    "cameraTransform" : [
      0.99999994,
      0,
      -0,
      0,
      -0,
      0.8660255,
      -0.49999988,
      0,
      0,
      0.49999988,
      0.8660255,
      0,
      0,
      0.27093542,
      0.46927398,
      1
    ],
    "objectMetadataList" : [

    ]
  },
  "3C4E1DF1-174E-46DE-97BA-295D8D89AF77" : {
    "cameraTransform" : [
      1,
      0,
      -0,
      0,
      -0,
      0.8656468,
      -0.5006552,
      0,
      0,
      0.5006552,
      0.8656468,
      0,
      0.047273334,
      1.2386065,
      2.1381295,
      1
    ],
    "objectMetadataList" : [
      [
        "3C4E1DF1-174E-46DE-97BA-295D8D89AF77",
        "Root"
      ],
      {
        "isExpanded" : true,
        "isLocked" : false
      }
    ]
  },
  "03E02005-EFA6-48D6-8A76-05B2822A74E9" : {
    "cameraTransform" : [
      0.7589895,
      2.6559007e-08,
      -0.65110284,
      0,
      -0.388941,
      0.80197537,
      -0.45338783,
      0,
      0.52216846,
      0.5973571,
      0.6086908,
      0,
      0.7613282,
      0.7425956,
      0.58363783,
      1
    ],
    "objectMetadataList" : [
      [
        "03E02005-EFA6-48D6-8A76-05B2822A74E9",
        "Root"
      ],
      {
        "isExpanded" : true,
        "isLocked" : false
      }
    ]
  },
  "7EF42796-68EE-4330-954D-0853FBBEB57C" : {
    "cameraTransform" : [
      0.99999994,
      0,
      -0,
      0,
      -0,
      0.8660255,
      -0.49999988,
      0,
      0,
      0.49999988,
      0.8660255,
      0,
      0,
      0.27093542,
      0.46927398,
      1
    ],
    "objectMetadataList" : [

    ]
  },
  "26DBAE76-5DD8-47B6-A085-1B4ADA111097" : {
    "cameraTransform" : [
      0.9995645,
      -5.07668e-07,
      0.029509513,
      0,
      0.011818867,
      0.91630054,
      -0.40031692,
      0,
      -0.02703962,
      0.4004915,
      0.9159014,
      0,
      0.59896445,
      1.645718,
      4.0826597,
      1
    ],
    "objectMetadataList" : [
      [
        "26DBAE76-5DD8-47B6-A085-1B4ADA111097",
        "Root",
        "_PlainMaterial"
      ],
      {
        "isExpanded" : true,
        "isLocked" : false
      },
      [
        "26DBAE76-5DD8-47B6-A085-1B4ADA111097",
        "Root",
        "Group",
        "Group"
      ],
      {
        "isExpanded" : true,
        "isLocked" : false
      },
      [
        "26DBAE76-5DD8-47B6-A085-1B4ADA111097",
        "Root",
        "Group"
      ],
      {
        "isExpanded" : true,
        "isLocked" : false
      },
      [
        "26DBAE76-5DD8-47B6-A085-1B4ADA111097",
        "Root",
        "ParticleEmitter"
      ],
      {
        "isExpanded" : true,
        "isLocked" : false
      },
      [
        "26DBAE76-5DD8-47B6-A085-1B4ADA111097",
        "Root",
        "Group",
        "Group",
        "Cylinder"
      ],
      {
        "isExpanded" : true,
        "isLocked" : false
      },
      [
        "26DBAE76-5DD8-47B6-A085-1B4ADA111097",
        "Root"
      ],
      {
        "isExpanded" : true,
        "isLocked" : false
      }
    ]
  },
  "34C460AE-CA1B-4348-BD05-621ACBDFFE97" : {
    "cameraTransform" : [
      0.99999994,
      0,
      -0,
      0,
      -0,
      0.8660255,
      -0.49999988,
      0,
      0,
      0.49999988,
      0.8660255,
      0,
      0,
      0.27093542,
      0.46927398,
      1
    ],
    "objectMetadataList" : [

    ]
  },
  "440DE5B4-E4E4-459B-AABF-9ACE96319272" : {
    "cameraTransform" : [
      0.99999994,
      0,
      -0,
      0,
      -0,
      0.8660254,
      -0.49999994,
      0,
      0,
      0.49999994,
      0.8660254,
      0,
      0,
      0.5981957,
      1.0361054,
      1
    ],
    "objectMetadataList" : [
      [
        "440DE5B4-E4E4-459B-AABF-9ACE96319272",
        "Root"
      ],
      {
        "isExpanded" : true,
        "isLocked" : false
      }
    ]
  },
  "71393687-2933-4D8A-AC10-8E59942BADC1" : {
    "cameraTransform" : [
      0.99999994,
      0,
      -0,
      0,
      -0,
      0.8660255,
      -0.49999988,
      0,
      0,
      0.49999988,
      0.8660255,
      0,
      0,
      0.27093542,
      0.46927398,
      1
    ],
    "objectMetadataList" : [
      [
        "71393687-2933-4D8A-AC10-8E59942BADC1",
        "Root"
      ],
      {
        "isExpanded" : true,
        "isLocked" : false
      }
    ]
  },
  "FBD8436F-6B8B-4B82-99B5-995D538B4704" : {
    "cameraTransform" : [
      0.99999994,
      0,
      -0,
      0,
      -0,
      0.8660254,
      -0.49999994,
      0,
      0,
      0.49999994,
      0.8660254,
      0,
      0,
      0.5981957,
      1.0361054,
      1
    ],
    "objectMetadataList" : [
      [
        "FBD8436F-6B8B-4B82-99B5-995D538B4704",
        "Root"
      ],
      {
        "isExpanded" : true,
        "isLocked" : false
      }
    ]
  }
}